,region,district,party,name,gender,birth,job,achievement,career,vote_rate,age,regeion,job2,achievement,,,,
94,비례,비례대표,새누리당,민현주,여,1969-07-23,경기대학교 일반대학원 직업학과 조교수,"Cornell 대학교 대학원 사회학과졸업(박사), (1999.8~2004.8)",(현)경기대학교 일반대학원 직업학과 조교수,,48,비례,교수,Cornell,,,,
135,비례,비례대표,새누리당,신경림,여,1954-03-22,이화여자대학교 건강과학대학학장,"Teachers College, Columbia University 대학원졸업(교육학박사), (1989.9~1992.2)",(현)한국여성단체협의회 수석부회장,,63,비례,교수,Columbia,,,,
235,경기,하남시,새누리당,이현재,남,1949-04-25,정당인,건국대학교 대학원 경영학박사,(전)중소기업청장,"33,861",68,경기,정당인,건국대학교,,,,
294,인천,남구갑,새누리당,홍일표,남,1956-02-11,국회의원,건국대학교 대학원 법학과 졸업(법학석사),(전)인천광역시 정무부시장,"40,195",61,인천,국회의원,건국대학교,,,,
185,충북,충주시,새누리당,윤진식,남,1946-03-04,국회의원,건국대학교 일반대학원 국제무역학과 졸업(경제학박사),전)산업자원부장관,"56,688",71,충북,국회의원,건국대학교,,,,
131,비례,비례대표,새누리당,손인춘,여,1959-05-13,(주)인성내츄럴 사장,건국대학교 일반대학원 박사과정 벤처전문기술학과 벤처기술경영전공수료,(현)(주)인성내츄럴 사장,,58,비례,기업인,건국대학교,,,,
69,서울,광진구갑,민주통합당,김한길,남,1953-09-17,정당인,건국대학교 정치외교학과 졸업,(전)문화관광부 장관,"44,334",64,서울,정당인,건국대학교,,,,
122,경기,광명시갑,민주통합당,백재현,남,1951-07-04,국회의원,경기대학교 무역학과 졸업,(현) 민주통합당 정책위수석부의장,"35,657",66,경기,국회의원,경기대학교,,,,
4,전북,남원시순창군,통합진보당,강동원,남,1953-01-20,정당인,경기대학교 정치전문대학원 박사과정 졸업(정치학박사),(전)농수산물 유통공사 감사,"28,007",64,전북,정당인,경기대학교,,,,
192,서울,노원구갑,새누리당,이노근,남,1954-03-09,광운대학교 겸임교수,경기대학교 정치전문대학원 졸업(행정학 박사),(전)노원구청장,"40,865",63,서울,교수,경기대학교,,,,
121,비례,비례대표,민주통합당,백군기,남,1950-02-12,부천대학교 초빙교수,경남대학교 경영대학원 경영학석사,(전)3군사령부 군사령관,,67,비례,교수,경남대학교,,,,
300,경기,파주시을,새누리당,황진하,남,1946-08-25,제18대 국회의원,경남대학교 대학원 박사과정수료(정치외교학),(전)17대 국회의원,"35,408",71,경기,국회의원,경남대학교,,,,
210,전남,무안군신안군,민주통합당,이윤석,남,1960-03-16,국회의원,경남대학교 대학원 정치외교학과 정치학박사 졸업,(현) 민주통합당 원내부대표,"37,477",57,전남,국회의원,경남대학교,,,,
142,경기,수원시을,민주통합당,신장용,남,1963-12-01,정당인,경남대학교 정치외교학과 졸업,(전)민주당 부대변인,"45,400",54,경기,정당인,경남대학교,,,,
254,경북,경주시,새누리당,정수성,남,1946-01-02,국회의원,경북고등학교 졸업,(현) 제18대 국회의원,"67,455",71,경북,국회의원,경북고등학교,,,,
76,대구,중구남구,새누리당,김희국,남,1958-10-20,정당인,경북대학교 행정학과 졸업,전)국토해양부 차관,"58,425",59,대구,정당인,경북대학교,,,,
153,경남,창원시마산회원구,새누리당,안홍준,남,1951-03-02,국회의원,경상대학교 대학원 졸업(의학박사),"(현)제17,18대 국회의원","53,382",66,경남,국회의원,경상대학교,,,,
51,경남,진주시을,새누리당,김재경,남,1961-10-10,국회의원,경상대학교 법경대학(현 법과대학) 법학과 졸업,(전)한나라당 경남도당 위원장,"38,765",56,경남,국회의원,경상대학교,,,,
253,서울,종로구,민주통합당,정세균,남,1950-09-26,국회의원,경희대학교 대학원 경영학 박사,(전)민주당 대표,"41,732",67,서울,국회의원,경희대학교,,,,
107,경남,창원시의창구,새누리당,박성호,남,1957-03-13,대학교수,경희대학교 대학원 경제학과 졸업(경제학 박사),(전)국립 창원대학교 제5대 총장,"58,140",60,경남,교수,경희대학교,,,,
17,경북,안동시,새누리당,김광림,남,1948-04-28,국회의원,경희대학교 대학원 졸업 행정학 박사,(현)18대 국회의원,"63,561",69,경북,국회의원,경희대학교,,,,
62,전북,고창군부안군,민주통합당,김춘진,남,1953-01-24,국회의원,경희대학교 대학원 치의학과 졸업(치의학 박사),(현)제18대 국회의원,"23,097",64,전북,국회의원,경희대학교,,,,
97,경기,남양주시을,민주통합당,박기춘,남,1956-05-01,국회의원,경희대학교 대학원 행정학과 졸업(행정학 박사),(전) 민주당 경기도당위원장,"62,329",61,경기,국회의원,경희대학교,,,,
47,제주,제주시을,민주통합당,김우남,남,1955-05-23,정치인,경희대학교 대학원(석사과정) 경영학과(경영학) 수료,"제17,18대 국회의원","46,236",62,제주,정당인,경희대학교,,,,
20,강원,원주시갑,새누리당,김기선,남,1952-10-29,정당인,경희대학교 법과대학 행정학과 졸업,전)강원도 정무부지사,"31,413",65,강원,정당인,경희대학교,,,,
89,부산,사상구,민주통합당,문재인,남,1953-01-24,법무법인부산 대표변호사,경희대학교 법률학과 졸업,(전) 청와대 비서실장,"65,336",64,부산,변호사,경희대학교,,,,
63,경기,성남시수정구,민주통합당,김태년,남,1965-03-20,정당인,경희대학교 행정대학원 졸업(행정학석사),(전)17대 국회의원,"51,142",52,경기,정당인,경희대학교,,,,
118,서울,중랑구을,민주통합당,박홍근,남,1969-10-08,정당인,경희대학교 행정대학원 환경행정학과 석사과정 졸업,(전) 경희대학교 총학생회장,"44,212",48,서울,정당인,경희대학교,,,,
181,비례,비례대표,새누리당,윤명희,여,1956-08-26,(주)농업회사법인 한국라이스텍 대표이사,경희사이버대학교 외식농수산경영학과졸업,(현)한국농수식품CEO연합회 부회장,,61,비례,기업인,경희사이버대학교,,,,
154,울산,동구,새누리당,안효대,남,1955-07-27,정당인,계명대학교 경영학과 졸업,(전)현대중공업 근무,"41,395",62,울산,정당인,계명대학교,,,,
7,비례,비례대표,새누리당,강은희,여,1964-10-23,(주)위니텍 대표이사,계명대학교 산업기술대학원 컴퓨터공학과졸업(공학석사),(현)(사)IT여성기업인협회 회장,,53,비례,기업인,계명대학교,,,,
267,전남,여수시을,민주통합당,주승용,남,1952-07-27,국회의원,고려대학교 경영대학원 졸업(경영학 석사),17대·18대 국회의원,"44,313",65,전남,국회의원,고려대학교,,,,
201,전북,전주시완산구을,민주통합당,이상직,남,1963-01-30,이스타항공 회장,고려대학교 경영대학원 졸업(경영학석사),(전)(주)케이아이씨 대표이사,"39,892",54,전북,기업인,고려대학교,,,,
219,서울,은평구을,새누리당,이재오,남,1945-01-11,국회의원,고려대학교 교육대학원 졸업(교육학 석사),(전)국민권익위원장,"63,238",72,서울,국회의원,고려대학교,,,,
15,경기,부천시원미구갑,민주통합당,김경협,남,1962-11-07,[사단법인]한국고용복지센터 상임이사,고려대학교 노동대학원(경제학석사) 졸업,(전)한국노총 부천지역지부 의장,"33,397",55,경기,기타,고려대학교,,,,
29,경기,용인시을,민주통합당,김민기,남,1966-04-28,정당인,고려대학교 농업경제학과 졸업,(전)민주당 경기도당 대변인,"68,052",51,경기,정당인,고려대학교,,,,
292,비례,비례대표,민주통합당,홍의락,남,1955-03-11,정당인,고려대학교 농업경제학과졸업,(전)경북도지사후보,,62,비례,정당인,고려대학교,,,,
159,서울,강북구갑,민주통합당,오영식,남,1967-02-28,정당인,고려대학교 대학원 경영학과 박사과정(재무론) 수료,(전)고려대학교 총학생회장,"37,352",50,서울,정당인,고려대학교,,,,
150,인천,서구강화군을,새누리당,안덕수,남,1946-01-26,정당인,고려대학교 대학원 농업경제학과 졸업(경제학박사),(전)민선4기·5기 강화군수,"43,970",71,인천,정당인,고려대학교,,,,
287,경기,시흥시갑,새누리당,함진규,남,1959-08-13,한국무역보험공사 등기이사,고려대학교 대학원 법학박사과정 수료,(전)한나라당 시흥시갑 당협위원장,"39,939",58,경기,기타,고려대학교,,,,
250,강원,속초시고성군양양군,새누리당,정문헌,남,1966-05-04,정당인,고려대학교 대학원 정치외교학과 졸업,(전)제17대 국회의원,"31,447",51,강원,정당인,고려대학교,,,,
197,경북,포항시북구,새누리당,이병석,남,1952-10-28,국회의원,고려대학교 대학원 졸업(정치학박사),"16,17,18대 국회의원","74,824",65,경북,국회의원,고려대학교,,,,
189,강원,원주시을,새누리당,이강후,남,1953-06-04,정당인,고려대학교 대학원(행정학 박사)졸업,전)지식경제부 우정사업정보센터 센터장,"30,761",64,강원,정당인,고려대학교,,,,
129,경기,부천시원미구을,민주통합당,설훈,남,1953-04-23,정당인,고려대학교 문과대학 사학과 졸업,(전)15.16대 국회의원,"63,758",64,경기,정당인,고려대학교,,,,
172,경기,이천시,새누리당,유승우,남,1948-11-25,강남대학교 석좌교수,고려대학교 문과대학 사학과 졸업,"(전)제1,2,3대 이천시장","31,748",69,경기,교수,고려대학교,,,,
33,전남,순천시곡성군,통합진보당,김선동,남,1967-09-09,(현)국회의원,고려대학교 물리학과 제적(1985년 3월 ~ 1989년 2월),(전) 2006년 민주노동당 사무총장,"79,774",50,전남,국회의원,고려대학교,2월),,,
209,경기,화성시을,민주통합당,이원욱,남,1963-03-20,정당인,고려대학교 법과대학 법학과 4년 졸업,(현)민주당 화성시(을)지역위원회 위원장,"57,004",54,경기,정당인,고려대학교,,,,
102,전북,진안군무주군장수군임실군,민주통합당,박민수,남,1964-09-21,변호사,고려대학교 법과대학 법학과 졸업,(전)국민시대 전북지부 공동대표,"27,882",53,전북,변호사,고려대학교,,,,
246,경기,안산시상록구갑,민주통합당,전해철,남,1962-05-18,법무법인 해마루 대표변호사,고려대학교 법과대학 법학과 졸업,(전)노무현정부 청와대 민정수석,"46,927",55,경기,변호사,고려대학교,,,,
212,서울,구로구갑,민주통합당,이인영,남,1964-06-28,정당인,고려대학교 언론대학원 졸업(언론학 석사),(현)민주통합당 최고위원,"58,381",53,서울,정당인,고려대학교,,,,
242,서울,동작구갑,민주통합당,전병헌,남,1958-03-17,국회의원,고려대학교 정책대학원 졸업(경제학석사),(현)제18대 국회의원,"56,794",59,서울,국회의원,고려대학교,,,,
84,서울,노원구병,통합진보당,노회찬,남,1956-08-31,정당인,고려대학교 정치외교학과 졸업,(전)제17대 국회의원,"52,270",61,서울,정당인,고려대학교,,,,
164,경기,평택시갑,새누리당,원유철,남,1962-09-26,국회의원,고려대학교 정치외교학과 졸업,"(현)국회 국방위원장(제15,16,18대 국회의원)","42,031",55,경기,국회의원,고려대학교,,,,
137,서울,성북구을,민주통합당,신계륜,남,1954-08-13,사단법인 신정치문화원 이사장,고려대학교 행정학과 졸업,(전)서울시 정무부시장,"56,177",63,서울,기업인,고려대학교,,,,
87,부산,사하구갑,새누리당,문대성,남,1976-09-03,동아대학교 교수,국민대학교 대학원 이학 박사,(현) 동아대학교 교수,"30,455",41,부산,교수,국민대학교,,,,
157,강원,태백시영월군평창군정선군,새누리당,염동열,남,1961-02-28,정당인,국민대학교 대학원 졸업(행정학박사),(전)한국청년회의소 중앙회장,"46,537",56,강원,정당인,국민대학교,,,,
74,경북,포항시남구울릉군,새누리당,김형태,남,1952-12-10,정당인,국민대학교 정치외교학과 졸업,전)KBS 본사 국장,"45,775",65,경북,정당인,국민대학교,,,,
262,비례,비례대표,새누리당,조명철,남,1959-04-02,정당인,"김일성종합대학졸업(박사),(1983.9~1987.10)",(전)대외경제정책연구원 국제개발협력센터 소장,,58,비례,정당인,"김일성종합대학졸업(박사),(1983.9~1987.10)",,,,
166,부산,서구,새누리당,유기준,남,1959-08-10,국회의원,"뉴욕대학교 법학대학원 졸업(법학석사,1988.8.29.~1989.5.18.)",(전) 한나라당 대변인,"28,584",58,부산,국회의원,뉴욕대학교,,,,
259,서울,중구,민주통합당,정호준,남,1971-02-19,정당인(서울중구 지역위원장),뉴욕대학교(NYU) 그래픽커뮤니케이션 매니지먼트&테크놀러지 석사('97.9.~'99.5.),(전)노무현대통령 청와대비서실 정무행정관,"31,364",46,서울,위원장,뉴욕대학교(NYU),,,,
115,전남,목포시,민주통합당,박지원,남,1942-06-05,국회의원,단국대 상학과 졸업,(전)김대중대통령 비서실장,"63,705",75,전남,국회의원,단국대,,,,
155,충남,천안시갑,민주통합당,양승조,남,1959-03-21,국회의원,단국대학교 정책경영대학원 특수법무학과 졸업(법학석사),(현)제18대 국회의원,"57,810",58,충남,국회의원,단국대학교,,,,
277,비례,비례대표,새누리당,최봉홍,남,1942-11-28,전국항운노동조합연맹 위원장,대구 사범학교졸업(현 대구교육대학교),(현)한국노총 부위원장,,75,비례,위원장,대구사범학교,,,,
221,대구,달성군,새누리당,이종진,남,1950-05-05,정당인,대구농림고등학교((현) 대구자연과학고등학교) 졸업,(전) 민선4기 달성군수,"40,276",67,대구,정당인,대구농림고등학교((현),,,,
215,대전,동구,새누리당,이장우,남,1965-02-10,대전대학교 행정학과 대우조교수,대전대학교 대학원 졸업(행정학박사),前) 대전광역시 동구청장,"36,780",52,대전,교수,대전대학교,,,,
108,대전,대덕구,새누리당,박성효,남,1955-02-20,정당인,대전대학교대학원 행정학과 공공행정(행정학 박사),(前) 대전광역시장,"40,425",62,대전,정당인,대전대학교대학원,,,,
57,비례,비례대표,통합진보당,김제남,여,1963-06-12,녹색연합녹색에너지디자인 운영위원장,덕성여자대학교 사학과졸업,(전)녹색연합 사무처장,,54,비례,위원장,덕성여자대학교,,,,
8,제주,제주시갑,민주통합당,강창일,남,1952-01-28,국회의원,"동경대학대학원인문사회계연구과졸업.문학박사(동양사학전공,기간:'87.4.1~'94.3.31)",(현) 국회 독도영토수호대책특별위원장,"42,006",65,제주,국회의원,"동경대학대학원인문사회계연구과졸업.문학박사(동양사학전공,기간:'87.4.1~'94.3.31)",,,,
19,충남,부여군청양군,새누리당,김근태,남,1952-11-26,정당인,동국대학교 경영대학원 경영학과 졸업,(전)제1야전군 사령관,"22,886",65,충남,정당인,동국대학교,,,,
184,대구,달서구을,새누리당,윤재옥,남,1961-09-10,한양대학교 공공정책대학원특임교수,동국대학교 대학원 경찰행정학과 박사과정 수료,(전)경기지방경찰청장,"61,563",56,대구,교수,동국대학교,,,,
279,경기,남양주시갑,민주통합당,최재성,남,1965-09-09,국회의원,동국대학교 대학원 행정학과 박사과정 수료,(현)제18대 국회의원,"59,468",52,경기,국회의원,동국대학교,,,,
291,인천,부평구을,민주통합당,홍영표,남,1957-04-30,국회의원,동국대학교 대학원 행정학과 박사과정 수료,(전)노무현정부 국무총리실 시민사회비서관,"63,099",60,인천,국회의원,동국대학교,,,,
133,비례,비례대표,새누리당,송영근,남,1947-09-28,정당인,동국대학교 불교대학원 불교학과졸업(문학석사),(전)국군 기무사령관,,70,비례,정당인,동국대학교,,,,
82,서울,마포구갑,민주통합당,노웅래,남,1957-08-03,정당인,동국대학교 언론정보대학원졸업(언론학석사),(전)17대 국회의원,"39,398",60,서울,정당인,동국대학교,,,,
283,강원,철원군화천군양구군인제군,새누리당,한기호,남,1952-08-13,국회의원,동국대학교 행정대학원 안보행정학과 석사과정 5학기 수료,(현)제18대 국회의원,"36,612",65,강원,국회의원,동국대학교,,,,
24,부산,북구강서구을,새누리당,김도읍,남,1964-07-06,변호사,동아대학교 법학과 졸업,(전) 부산지방검찰청 외사부장검사,"52,837",53,부산,변호사,동아대학교,,,,
224,부산,동래구,새누리당,이진복,남,1957-10-18,국회의원,동아대학교 정책과학대학원 졸업(지방자치행정전공),(현)새누리당 부산시 동래구 18대 국회의원,"66,548",60,부산,국회의원,동아대학교,,,,
43,비례,비례대표,자유선진당,김영주(비),남,1954-08-26,당 부산시당 위원장,동의대학교 행정학과졸업,(전)대한건설기계협회 부산광역시지회 3·4대 회장,,63,비례,위원장,동의대학교,,,,
266,경남,의령군함안군합천군,새누리당,조현룡,남,1945-12-30,정당인,마산고등학교 졸업,(전) 건설교통부 부산항공청장,"39,614",72,경남,정당인,마산고등학교,,,,
54,제주,서귀포시,민주통합당,김재윤,남,1965-05-24,국회의원,명지대학교 대학원 국어국문학과(현대문학 문학박사) 졸업,현) 제18대 국회의원,"26,992",52,제주,국회의원,명지대학교,,,,
205,비례,비례대표,새누리당,이에리사,여,1954-08-15,용인대학교 교수,명지대학교 대학원 체육학과졸업(이학박사),(전)08년 베이징올림픽 한국선수단 총감독,,63,비례,교수,명지대학교,,,,
268,비례,비례대표,새누리당,주영순,남,1946-04-08,목포상공회의소 회장,목포 해양고 졸업,(현)목포상공회의소 회장,,71,비례,기업인,목포해양고,,,,
79,경기,수원시병,새누리당,남경필,남,1965-01-20,국회의원,"美 예일대학교 경영대학원 졸업(경영학 석사, 1994. 8.~1996. 5.)",(전) 한나라당 최고위원,"50,011",52,경기,국회의원,예일대학교,8.~1996.,5.),,
222,경기,성남시분당구갑,새누리당,이종훈,남,1960-07-01,대학교수(명지대 경영학과),美 코넬대대학원 경제학 박사(수학기간 4년),(전)KDI 연구위원,"66,028",57,경기,교수,코넬대대학원,,,,
34,전남,여수시갑,민주통합당,김성곤,남,1952-11-06,국회의원,美 템플대학교 졸업 종교학전공 철학박사(1985년 ~ 1991년),(전)17대 국회국방위원장,"23,519",65,전남,국회의원,템플대학교,1991년),,,
182,인천,남구을,새누리당,윤상현,남,1962-12-01,국회의원,美.조지워싱턴대학교 정치학 박사(1990.9.~1994.5.),(전)서울대학교 초빙교수,"50,514",55,인천,국회의원,조지워싱턴대학교,,,,
40,전남,해남군완도군진도군,민주통합당,김영록,남,1955-02-17,국회의원,미국 뉴욕주 시라큐스대학 맥스웰대학원 행정학과 2년 졸업(학위명:행정학석사),(현)18대 국회의원,"44,085",62,전남,국회의원,미국,졸업(학위명:행정학석사),,,
183,경남,양산시,새누리당,윤영석,남,1964-10-07,아시아도시연맹 이사장,미국 듀크대(DUKE) 석사(MA 2002.07~2004.06),제37회 행정고시 합격,"56,808",53,경남,기업인,듀크대(DUKE),,,,
193,비례,비례대표,새누리당,이만우,남,1950-08-25,고려대 경제학과 교수,"미국 미네소타대 대학원 경제학과졸업(박사), (1978. 9 ~1983. 6)",(현)세제발전심의위원회 부위원장,,67,비례,교수,미네소타대,~1983.,6),,
299,전남,장흥군강진군영암군,민주통합당,황주홍,남,1952-02-27,정당인,미국 미주리대학교 대학원 정치학박사과정 5년 졸업(정치학박사),(전)전남 강진군수(3선),"34,837",65,전남,정당인,미주리대학교,,,,
151,경기,오산시,민주통합당,안민석,남,1966-08-13,국회의원,미국 북콜로라도주립대학교 교육학 박사(1990~1992),(현) 국회교육과학기술위원회 간사,"40,765",51,경기,국회의원,북콜로라도주립대학교,,,,
14,서울,양천구갑,새누리당,길정우,남,1955-02-04,한국예술종합학교 발전재단 이사,미국 예일대학교 인문대학원 정치학전공(박사)(수학기간:1981.9 ~1986.5),(전)중앙일보 논설위원,"61,058",62,서울,기타,예일대학교,,,,
31,대구,서구,새누리당,김상훈,남,1963-01-25,정당인,미국 오래곤대학교 행정대학원 행정학석사(2004.8 - 2006.6.17),(전)대구시 경제통상국장,"54,113",54,대구,정당인,오래곤대학교,,,,
152,비례,비례대표,새누리당,안종범,남,1959-07-15,성균관대학교 경제학과 교수,"미국 위스콘신대학교 대학원 경제학과졸업(박사),(1985.8~1991.5)",(현)성균관대학교 경제학과 교수,,58,비례,교수,위스콘신대학교,,,,
260,경북,영천시,새누리당,정희수,남,1953-10-25,국회의원,미국 일리노이대학교 대학원 경제학과 졸업(경제학 박사) (수학기간:1985.8~1992.10),(현)새누리당 영천시 국회의원,"23,331",64,경북,국회의원,일리노이대학교,(수학기간:1985.8~1992.10),,,
190,경남,통영시고성군,새누리당,이군현,남,1952-03-12,국회의원,미국 캔자스주립대학교 교육행정학 박사(1981.1.~1983.7.),現)제18대 국회의원,"50,625",65,경남,국회의원,캔자스주립대학교,,,,
231,대구,수성구갑,새누리당,이한구,남,1945-12-12,국회의원,"미국 캔자스주립대학교 대학원 경제학과 졸업(경제학 박사,81년~84년)",전) 국회 예산결산특별위원회 위원장,"60,588",72,대구,국회의원,캔자스주립대학교,,,,
139,서울,강동구갑,새누리당,신동우,남,1953-06-06,정당인,미국 펜실베니아대 대학원(경영학 전공) 졸업(1984~1986),(전)서울시환경관리실장,"62,489",64,서울,정당인,펜실베니아대,,,,
123,충북,청원군,민주통합당,변재일,남,1948-09-02,국회의원,미국 펜실베니아대학교 대학원 정치학 2년(81.9∼83. 5)졸업 (국제정치학 석사),(전)정보통신부 차관,"31,658",69,충북,국회의원,펜실베니아대학교,(국제정치학,석사),,
176,서울,송파구을,새누리당,유일호,남,1955-03-30,국회의원,미국 펜실베이니아대학 경제학박사(1981.8~1987.5),(전)한국조세연구원장,"49,929",62,서울,국회의원,펜실베이니아대학,,,,
50,비례,비례대표,새누리당,김장실,남,1956-03-15,정당인,미국 하와이대 대학원 정치학졸업(박사)(1989~1992),(전)문화체육관광부 제1차관,,61,비례,정당인,하와이대,,,,
255,충북,청주시상당구,새누리당,정우택,남,1953-02-18,정당인,미국 하와이대학교 대학원 경제학3년(1984. 6.~1987. 5.) 졸업(경제학 박사),"(전)15,16대 국회의원","55,141",64,충북,정당인,하와이대학교,졸업(경제학,박사),,
61,경기,수원시정,민주통합당,김진표,남,1947-05-04,국회의원,미국위스콘신대학원(매디슨캠퍼스) 공공정책학과 석사졸업(1986. 6 ~ 1988. 5),(전) 참여정부 경제·교육부총리,"68,274",70,경기,국회의원,위스콘신대학원(매디슨캠퍼스),5),,,
73,비례,비례대표,새누리당,김현숙,여,1966-05-10,숭실대 경제학과 부교수,미국일리노이주립대 경제학졸업(경제학박사)(1997.08~2003.05),(전)한국조세연구원 연구위원,,51,비례,교수,미국일리노이주립대,,,,
130,충남,서산시태안군,자유선진당,성완종,남,1951-08-20,기업인,미기재,(현)서산장학재단 이사장,"39,615",66,충남,기업인,,,,,
126,대구,북구을,새누리당,서상기,남,1946-01-29,국회의원,美드렉셀대학교 공학박사(1972.09~1976.06),(전)박근혜 한나라당 대통령 경선후보(17대) 대구 북구 선거대책위원장,"66,595",71,대구,국회의원,美드렉셀대학교,,,,
275,비례,비례대표,민주통합당,최동익,남,1962-04-08,실로암시각장애인복지관장,미시간대학 사회복지학 석사(1988.9~1989.8.),(현)한국장애인단체총연맹 대표,,55,비례,기타,미시간대학,,,,
171,대구,동구을,새누리당,유승민,남,1958-01-07,국회의원,"美위스콘신대학교(매디슨) 경제학과 졸업(경제학 박사, 1983.09~1987.12)",前 한나라당(현 새누리당) 최고위원,"57,556",59,대구,국회의원,美위스콘신대학교(매디슨),,,,
148,경북,구미시갑,새누리당,심학봉,남,1961-04-11,(현)구미경제발전위원회위원장,"미조리-콜롬비아대학교 경제학과 졸업(경제학석사, 95.12~97.12)",(전)청와대 경제수석실 지식경제비서관실 선임행정관,"52,353",56,경북,위원장,미조리-콜롬비아대학교,,,,
11,경기,화성시갑,새누리당,고희선,남,1949-09-21,기업인,반월중학교졸업,(현)농우바이오 회장,"37,244",68,경기,기업인,반월중학교졸업,,,,
95,경남,김해시갑,민주통합당,민홍철,남,1961-04-18,변호사,부산대학교 대학원 법학과 졸업(석사),(전)국방부 고등군사법원장,"41,358",56,경남,변호사,부산대학교,,,,
177,부산,수영구,새누리당,유재중,남,1956-03-27,국회의원,부산대학교 대학원 법학박사,(전)수영구청장,"37,701",61,부산,국회의원,부산대학교,,,,
120,비례,비례대표,민주통합당,배재정,여,1968-02-16,부산문화재단 기획홍보팀장,부산대학교 대학원 예술·문화와영상매체협동과정 재학,(전) 부산일보 인터넷뉴스부장,,49,비례,기타,부산대학교,,,,
261,부산,사하구을,민주통합당,조경태,남,1968-01-10,국회의원,부산대학교 대학원 토목공학 박사,(현) 제18대 국회의원,"49,849",49,부산,국회의원,부산대학교,,,,
168,서울,강북구을,민주통합당,유대운,남,1950-01-10,정당인,부성국민학교졸업,(현) 노무현재단 기획위원,"40,755",67,서울,정당인,부성국민학교졸업,,,,
125,부산,해운대구기장군갑,새누리당,서병수,남,1952-01-09,국회의원,북일리노이 주립대학교 대학원 졸업(학위명: 경제학 박사) 수학기간 : 84.9~ 87.12,(전)해운대구구청장,"68,136",65,부산,국회의원,북일리노이,수학기간,:,84.9~,87.12
42,서울,영등포구갑,민주통합당,김영주(지),여,1955-07-27,정당인,서강대학교 경제대학원졸업(경제학석사),(전)제17대 국회의원,"52,232",62,서울,정당인,서강대학교,,,,
258,서울,마포구을,민주통합당,정청래,남,1965-04-18,정당인,서강대학교 공공정책대학원졸업(정치학석사),(전)제17대 국회의원,"58,163",52,서울,정당인,서강대학교,,,,
110,서울,구로구을,민주통합당,박영선,여,1960-01-22,국회의원,서강대학교 언론대학원 졸업(문학석사),(전)MBC 앵커(경제부장),"54,902",57,서울,국회의원,서강대학교,,,,
96,비례,비례대표,새누리당,박근혜,여,1952-02-02,국회의원,서강대학교 전자공학과졸업,"15,16,17,18대 국회의원",,65,비례,국회의원,서강대학교,,,,
67,충남,보령시서천군,새누리당,김태흠,남,1963-01-11,정당인,서강대학교공공정책대학원 사회복지정책학과 졸업(행정학석사),(전)충남정무부지사,"35,197",54,충남,정당인,서강대학교공공정책대학원,,,,
265,경남,밀양시창녕군,새누리당,조해진,남,1963-08-04,국회의원,서울대 대학원 법학과 졸업(법학석사),(전) 한나라당 대변인,"42,041",54,경남,국회의원,서울대,,,,
99,울산,북구,새누리당,박대동,남,1951-05-13,정당인,서울대학교 경제학과 졸업,전)예금보험공사 사장,"40,116",66,울산,정당인,서울대학교,,,,
128,부산,남구을,새누리당,서용교,남,1968-01-21,정당인,서울대학교 국사학과 졸업,(현) 새누리당 수석부대변인,"33,256",49,부산,정당인,서울대학교,,,,
167,서울,관악구갑,민주통합당,유기홍,남,1958-06-11,정당인,서울대학교 국사학과 졸업,(전) 제17대 국회의원,"63,611",59,서울,정당인,서울대학교,,,,
38,부산,금정구,새누리당,김세연,남,1972-07-15,국회의원,서울대학교 국제경제학과 졸업,(현)새누리당 비상대책위원,"74,103",45,부산,국회의원,서울대학교,,,,
298,인천,연수구,새누리당,황우여,남,1947-08-03,국회의원,서울대학교 대학원 법학과 (박사과정)졸업,(현) 제18대 국회의원,"63,341",70,인천,국회의원,서울대학교,,,,
23,울산,남구을,새누리당,김기현,남,1959-02-21,정치인,서울대학교 대학원 법학과 수료(석사과정),(전) 한나라당 대변인,"38,054",58,울산,정당인,서울대학교,,,,
119,전남,나주시화순군,민주통합당,배기운,남,1950-09-29,정당인,서울대학교 대학원 법학과 졸업,(전) 보훈복지공단 이사장,"39,887",67,전남,정당인,서울대학교,,,,
45,비례,비례대표,민주통합당,김용익,남,1952-08-22,서울대학교 의과대학 교수,서울대학교 대학원 의학박사,(현)서울대학교 의과대학 교수,,65,비례,교수,서울대학교,,,,
13,대구,북구갑,새누리당,권은희,여,1959-05-24,(주)헤리트대표이사,서울대학교 대학원 전자계산기공학과 졸업(공학석사),(전)KT상무,"37,201",58,대구,기업인,서울대학교,,,,
65,경남,김해시을,새누리당,김태호,남,1962-08-21,국회의원,서울대학교 대학원 졸업(교육학박사),(전)경남도지사,"63,290",55,경남,국회의원,서울대학교,,,,
10,충북,증평군진천군괴산군음성군,새누리당,경대수,남,1958-03-18,변호사,서울대학교 대학원(석사과정) 법학과 수료,(현)새누리당 충북도당 위원장,"51,471",59,충북,변호사,서울대학교,,,,
22,비례,비례대표,민주통합당,김기준,남,1957-07-04,노동운동가,서울대학교 무역학과 졸업,(전)금융노조 위원장,,60,비례,운동가,서울대학교,,,,
195,서울,금천구,민주통합당,이목희,남,1953-09-10,정치인,서울대학교 무역학과 졸업,(전)제17대 국회의원,"54,547",64,서울,정당인,서울대학교,,,,
239,광주,남구,민주통합당,장병완,남,1952-05-05,제18대 국회의원,서울대학교 무역학과 졸업,(전) 노무현정부 기획예산처 장관,"58,680",65,광주,국회의원,서울대학교,,,,
248,서울,서대문구을,새누리당,정두언,남,1957-03-06,국회의원,서울대학교 무역학과 졸업,(전)서울특별시 정무부시장,"35,380",60,서울,국회의원,서울대학교,,,,
136,서울,영등포구을,민주통합당,신경민,남,1953-08-19,정당인,서울대학교 문리과대학 사회학과 졸업,(전)MBC 앵커,"45,458",64,서울,정당인,서울대학교,,,,
282,부산,해운대구기장군을,새누리당,하태경,남,1968-06-19,(사)열린북한 대표,서울대학교 물리학과 졸업,(전)SK텔레콤 수석연구원,"42,426",49,부산,기타,서울대학교,,,,
60,강원,춘천시,새누리당,김진태,남,1964-10-13,변호사,서울대학교 법과대학 공법학과 졸업,전)춘천지방검찰청 원주지청장,"58,629",53,강원,변호사,서울대학교,,,,
198,서울,관악구을,통합진보당,이상규,남,1965-01-07,정당인,서울대학교 법과대학 공법학과 졸업,전)한명숙 서울시장후보 선거대책본부장,"43,158",52,서울,정당인,서울대학교,,,,
220,경기,안양시만안구,민주통합당,이종걸,남,1957-05-22,변호사,서울대학교 법과대학 공법학과 졸업,(현)18대 국회의원,"58,328",60,경기,변호사,서울대학교,,,,
88,인천,부평구갑,민주통합당,문병호,남,1959-12-27,변호사,서울대학교 법과대학 법학과 졸업,(전)제17대 국회의원,"54,889",58,인천,변호사,서울대학교,,,,
156,경남,사천시남해군하동군,새누리당,여상규,남,1948-09-15,국회의원,서울대학교 법과대학 법학과 졸업,(현) 국회의원,"57,840",69,경남,국회의원,서울대학교,,,,
223,경남,창원시마산합포구,새누리당,이주영,남,1951-09-30,국회의원(제18대),서울대학교 법과대학 법학과 졸업,"(전)제16,17대 국회의원","57,035",66,경남,국회의원,서울대학교,,,,
272,서울,용산구,새누리당,진영,남,1950-10-23,국회의원,서울대학교 법과대학 법학과 졸업,(전) 서울지방법원 남부지원 판사,"56,067",67,서울,국회의원,서울대학교,,,,
274,전북,김제시완주군,민주통합당,최규성,남,1950-02-04,국회의원,서울대학교 법과대학 법학과 졸업,전)민주통합당 초대 사무총장,"41,757",67,전북,국회의원,서울대학교,,,,
252,경기,양주시동두천시,민주통합당,정성호,남,1962-06-02,변호사,서울대학교 법과대학 사법학과 졸업,제17대 국회의원,"60,016",55,경기,변호사,서울대학교,,,,
213,충남,논산시계룡시금산군,자유선진당,이인제,남,1948-12-11,국회의원,서울대학교 법과대학 졸업,(전)노동부장관,"40,076",69,충남,국회의원,서울대학교,,,,
237,광주,북구을,민주통합당,임내현,남,1952-12-21,변호사,서울대학교 법과대학 졸업,(전)광주고검장,"66,779",65,광주,변호사,서울대학교,,,,
240,경북,영주시,새누리당,장윤석,남,1950-01-05,제18대 국회의원,서울대학교 법과대학 졸업,전)법무부 검찰국장(검사장),"32,038",67,경북,국회의원,서울대학교,,,,
278,인천,계양구을,민주통합당,최원식,남,1963-03-08,변호사,서울대학교 법과대학 졸업,(현)민주통합당 계양을지역위원장,"38,045",54,인천,변호사,서울대학교,,,,
114,광주,동구,무소속,박주선,남,1949-07-23,제18대 국회의원,서울대학교 법과대학 행정학과 졸업,(전)민주당 최고위원(2회),"15,372",68,광주,국회의원,서울대학교,,,,
160,충북,청주시흥덕구갑,민주통합당,오제세,남,1949-04-05,국회의원,서울대학교 법과대학 행정학과 졸업,(현)제18대 국회의원,"39,314",68,충북,국회의원,서울대학교,,,,
203,경기,안양시동안구갑,민주통합당,이석현,남,1951-03-16,국회의원,서울대학교 법대 졸업,(전)민주당 정치개혁특별위원회 위원장,"43,869",66,경기,국회의원,서울대학교,,,,
26,광주,광산구갑,민주통합당,김동철,남,1955-06-30,국회의원,서울대학교 법학과 졸업,(전) 김대중대통령 정무기획비서관,"42,608",62,광주,국회의원,서울대학교,,,,
75,서울,서초구갑,새누리당,김회선,남,1955-05-03,변호사,서울대학교 법학과 졸업,(전) 국정원 2차장,"57,335",62,서울,변호사,서울대학교,,,,
91,경기,의정부시갑,민주통합당,문희상,남,1945-03-03,국회의원,서울대학교 법학과 졸업,(전)대통령비서실장,"39,252",72,경기,국회의원,서울대학교,,,,
191,전남,담양군함평군영광군장성군,민주통합당,이낙연,남,1952-12-20,국회의원,서울대학교 법학과 졸업,(현) 18대 국회의원?,"63,887",65,전남,국회의원,서울대학교,,,,
138,서울,강서구갑,민주통합당,신기남,남,1952-10-16,변호사,서울대학교 법학과 졸업(법학사),"(전)15,16,17대 국회의원","64,187",65,서울,변호사,서울대학교,,,,
165,경기,부천시오정구,민주통합당,원혜영,남,1951-09-27,정당인,서울대학교 사범대학 역사교육과 졸업,(전) ㈜ 풀무원식품 창업·경영,"38,350",66,경기,정당인,서울대학교,,,,
147,경기,안양시동안구을,새누리당,심재철,남,1958-01-18,국회의원,서울대학교 사범대학 영어교육과 졸업,(전)서울대학교 총학생회장,"42,405",59,경기,국회의원,서울대학교,,,,
145,서울,강남구갑,새누리당,심윤조,남,1954-07-26,정당인,서울대학교 사회과학대학 외교학과 졸업,(전)외교통상부 차관보,"82,582",63,서울,정당인,서울대학교,,,,
170,전북,정읍시,무소속,유성엽,남,1960-01-25,국회의원,서울대학교 사회과학대학 외교학과 졸업,(전)정읍시장,"28,810",57,전북,국회의원,서울대학교,,,,
140,경남,산청군함양군거창군,새누리당,신성범,남,1963-06-01,국회의원,서울대학교 사회과학대학 인류학과 졸업,(현)18대국회의원,"33,158",54,경남,국회의원,서울대학교,,,,
144,경기,고양시덕양구갑,통합진보당,심상정,여,1959-02-20,정당인,서울대학교 사회교육과 졸업,(전)국회의원,"43,928",58,경기,정당인,서울대학교,,,,
188,비례,비례대표,민주통합당,은수미,여,1963-12-06,노동정책연구자,서울대학교 사회학 박사,(전)KLI 부연구위원,,54,비례,연구원,서울대학교,,,,
175,서울,도봉구을,민주통합당,유인태,남,1948-09-05,정당인,서울대학교 사회학과 졸업,(전) 노무현 대통령 청와대 정무수석,"43,784",69,서울,정당인,서울대학교,,,,
233,세종특별자치시,세종특별자치시,민주통합당,이해찬,남,1952-07-10,정당인,서울대학교 사회학과 졸업,(전) 제36대 국무총리,"22,192",65,세종특별자치시,정당인,서울대학교,,,,
249,서울,동작구을,새누리당,정몽준,남,1951-10-17,국회의원,서울대학교 상과대학 경제학과 졸업,(현)아산사회복지재단이사장,"46,480",66,서울,국회의원,서울대학교,,,,
28,경기,성남시중원구,통합진보당,김미희,여,1966-01-18,정당인,서울대학교 약학대학 약학과 졸업,(전)이재명 성남시장 인수위원장,"46,062",51,경기,정당인,서울대학교,,,,
103,부산,북구강서구갑,새누리당,박민식,남,1965-11-20,국회의원,서울대학교 외교학과 졸업,(전) 서울중앙지검 특수1부 수석검사,"38,601",52,부산,국회의원,서울대학교,,,,
113,서울,송파구갑,새누리당,박인숙,여,1948-11-10,서울아산병원 선천성 심장병 센터장,서울대학교 의과대학 졸업(학사),(전) 베일러 의과대학 소아심장 전임의,"51,306",69,서울,의사,서울대학교,,,,
21,비례,비례대표,민주통합당,김기식,남,1966-03-06,민주통합당 전략기획위원장,서울대학교 인류학과 졸업,(전)참여연대 사무처장,,51,비례,위원장,서울대학교,,,,
35,전북,전주시덕진구,민주통합당,김성주,남,1964-04-10,정당인,서울대학교 인문대학 국사학과졸업,(전)전라북도의회 환경복지위원회 위원장,"64,744",53,전북,정당인,서울대학교,,,,
46,서울,양천구을,새누리당,김용태,남,1968-03-26,제18대 국회의원,서울대학교 정치학과 졸업,(현)제18대 국회의원,"48,811",49,서울,국회의원,서울대학교,,,,
143,인천,계양구갑,민주통합당,신학용,남,1952-01-21,국회의원,서울대학교 정치학과 졸업,(현)18대 국회의원,"39,752",65,인천,국회의원,서울대학교,,,,
297,강원,홍천군횡성군,새누리당,황영철,남,1965-07-13,국회의원,서울대학교 정치학과 졸업,(전) 한나라당 대표 권한대행 비서실장,"29,942",52,강원,국회의원,서울대학교,,,,
186,경기,구리시,민주통합당,윤호중,남,1963-03-27,정당인,서울대학교 철학과 졸업,(전) 제17대 국회의원,"40,524",54,경기,정당인,서울대학교,,,,
53,경북,군위군의성군청송군,새누리당,김재원,남,1964-12-20,영남대 법대 겸임교수,서울대학교 행정대학원 졸업,(전) 제17대 국회의원,"44,207",53,경북,교수,서울대학교,,,,
25,충남,당진시,새누리당,김동완,남,1958-06-20,정당인,서울대학교 행정대학원 졸업(석사),(전)대통령비서관,"26,870",59,충남,정당인,서울대학교,,,,
16,전북,군산시,민주통합당,김관영,남,1969-11-15,변호사,서울대학교 행정대학원 행정학과 졸업,전)재정경제부 사무관,"60,342",48,전북,변호사,서울대학교,,,,
3,울산,울주군,새누리당,강길부,남,1942-06-05,국회의원,서울대학교 환경대학원 졸업,(전)건설교통부 차관,"51,740",75,울산,국회의원,서울대학교,,,,
232,경북,문경시예천군,새누리당,이한성,남,1957-04-05,국회의원,서울대학교대학원법학과졸업(법학박사),(전)창원지검검사장,"37,040",60,경북,국회의원,서울대학교대학원법학과졸업(법학박사),,,,
117,광주,서구갑,민주통합당,박혜자,여,1956-05-23,대학교수,서울시립대학교 대학원 도시행정학과 졸업(행정학박사),(전)호남대학교 학장,"25,598",61,광주,교수,서울시립대학교,,,,
180,비례,비례대표,통합진보당,윤금순,여,1959-10-01,통합진보당 농민위원장,서울시립대학교 위생공학과졸업,(전)전국여성농민회총연합회장,,58,비례,위원장,서울시립대학교,,,,
116,비례,비례대표,새누리당,박창식,남,1959-10-17,(사)한국드라마제작사협회 회장,서울예술대학교 연극과졸업,(현)(주)김종학 프로덕션 대표이사,,58,비례,기업인,서울예술대학교,,,,
80,비례,비례대표,민주통합당,남인순,여,1958-11-05,민주통합당 최고위원,성공회대학교 복지대학원졸업(사회복지학석사),(전)여성단체연합 상임대표,,59,비례,정당인,성공회대학교,,,,
251,경기,여주군양평군가평군,새누리당,정병국,남,1958-02-10,국회의원,성균관 대학교 대학원 졸업(정치학박사),(전)문화체육관광부 장관,"71,544",59,경기,국회의원,성균관,,,,
194,충남,아산시,자유선진당,이명수,남,1955-02-11,국회의원,성균관대 대학원 졸업(행정학과 행정학 박사),(전) 충청남도 행정부지사,"41,359",62,충남,국회의원,성균관대,,,,
92,서울,동대문구을,민주통합당,민병두,남,1958-06-10,정당인,성균관대학교 경상대학 무역학과 졸업,(전)제17대 국회의원,"42,960",59,서울,정당인,성균관대학교,,,,
132,충북,제천시단양군,새누리당,송광호,남,1942-05-10,국회의원,성균관대학교 경제학과 졸업,(전)한나라당최고위원,"41,776",75,충북,국회의원,성균관대학교,,,,
285,경기,용인시병,새누리당,한선교,남,1959-06-23,국회의원,성균관대학교 국가전략 대학원 졸업,(현) 18대 용인 수지 국회의원,"66,996",58,경기,국회의원,성균관대학교,,,,
41,경기,포천시연천군,새누리당,김영우,남,1967-01-20,국회의원,성균관대학교 국정관리대학원 박사과정(수료),(현)제18대 국회의원,"41,024",50,경기,국회의원,성균관대학교,,,,
207,광주,광산구을,민주통합당,이용섭,남,1951-08-11,제 18대 국회의원,성균관대학교 대학원 경제학과 졸업(경제학 박사),(전) 건설교통부장관,"53,154",66,광주,국회의원,성균관대학교,,,,
149,서울,동대문구갑,민주통합당,안규백,남,1961-04-29,정당인,성균관대학교 무역대학원 무역학과 수료(석사과정),(전)노무현 대통령 인수위원회 전문위원,"41,993",56,서울,정당인,성균관대학교,,,,
270,비례,비례대표,민주통합당,진선미,여,1967-05-14,변호사,성균관대학교 법학과 졸업,(전)민변여성인권위원장,,50,비례,변호사,성균관대학교,,,,
211,강원,동해시삼척시,새누리당,이이재,남,1959-03-17,정당인,성균관대학교 사회복지대학원 사회복지학과 졸업(석사),전)한국광해관리공단이사장,"33,845",58,강원,정당인,성균관대학교,,,,
111,충남,천안시을,민주통합당,박완주,남,1966-11-10,정당인,성균관대학교 한국철학과 졸업,(전)민주통합당 천안을 지역위원장,"41,945",51,충남,정당인,성균관대학교,,,,
58,경북,상주시,새누리당,김종태,남,1949-03-16,한국군사문제연구원 연구위원,수원대학교 행정대학원 졸업(행정학박사),(전)국군기무사령관,"33,817",68,경북,연구원,수원대학교,,,,
86,비례,비례대표,새누리당,류지영,여,1950-03-04,(주)유아림 대표이사,숙명여자대학교 교육대학원 유아교육학졸업(교육학석사),(현)새누리당 중앙당 부대변인,,67,비례,기업인,숙명여자대학교,,,,
18,비례,비례대표,민주통합당,김광진,남,1981-04-28,정당인,순천대학교 대학원 석사과정 수료,(현)민주통합당 청년비례대표,,36,비례,정당인,순천대학교,,,,
169,대구,동구갑,새누리당,유성걸,남,1957-07-12,정당인,시라큐스대학교 경제학과 졸업(경제학 박사)(1988.9~1991.12),(전)기획재정부 제2차관,"36,342",60,대구,정당인,시라큐스대학교,,,,
30,비례,비례대표,새누리당,김상민,남,1973-07-14,대학생자원봉사단 V원정대 대표,아주대학교 사학과졸업,(현)보건복지부 희망나눔 정책네트워크 위원,,44,비례,기타,아주대학교,,,,
204,경기,광명시을,민주통합당,이언주,여,1972-11-08,변호사,연세대 법무대학원 경제법무전공 석사,(현) 민주통합당정책위부의장,"43,441",45,경기,변호사,연세대,,,,
200,비례,비례대표,새누리당,이상일,남,1961-10-31,정당인,연세대학교 경영대학원 경영학과졸업(경영학석사),(전)중앙일보 워싱턴 특파원,,56,비례,정당인,연세대학교,,,,
245,경기,성남시분당구을,새누리당,전하진,남,1958-09-02,기업인,연세대학교 경영대학원 졸업(석사),(전) (주)한글과컴퓨터 대표이사,"52,362",59,경기,기업인,연세대학교,,,,
81,충북,청주시흥덕구을,민주통합당,노영민,남,1957-11-25,국회의원,연세대학교 경영학과 졸업,(현)국회 지식경제위원,"41,606",60,충북,국회의원,연세대학교,,,,
44,경기,안산시상록구을,민주통합당,김영환,남,1955-05-27,국회의원,연세대학교 경제대학원 공공발전전공 석사과정졸업(경제학석사),(전)과학기술부 장관,"34,509",62,경기,국회의원,연세대학교,,,,
187,경기,파주시갑,민주통합당,윤후덕,남,1957-01-09,정당인,연세대학교 경제대학원 졸업(경제학 석사),(전)노무현대통령 비서실 정무비서관,"43,456",60,경기,정당인,연세대학교,,,,
225,경기,수원시갑,민주통합당,이찬열,남,1959-07-15,국회의원,연세대학교 경제대학원 졸업(경제학 석사),(현)제18대 국회의원,"63,192",58,경기,국회의원,연세대학교,,,,
162,서울,노원구을,민주통합당,우원식,남,1957-09-18,정당인,연세대학교 공학대학원 졸업(공학석사),(전)17대 국회의원 역임,"50,844",60,서울,정당인,연세대학교,,,,
296,대구,달서구갑,새누리당,홍지만,남,1968-02-01,정당인,연세대학교 국제학대학원 정치학전공 석사과정 졸업,(전)SBS 뉴스 앵커,"43,570",49,대구,정당인,연세대학교,,,,
106,인천,중구동구옹진군,새누리당,박상은,남,1949-09-01,국회의원,연세대학교 대학원 법학과 졸업(법학석사),(현)18대 국회의원,"42,995",68,인천,국회의원,연세대학교,,,,
141,비례,비례대표,새누리당,신의진,여,1964-04-10,연세의대 세브란스병원 의사,연세대학교 대학원 의학과(의학박사),(현)연세대학교 의과대학 세브란스병원 정신과의사,,53,비례,의사,연세대학교,,,,
77,부산,연제구,새누리당,김희정,여,1971-04-13,정당인,연세대학교 대학원 정치학과 박사과정 수료,(전) 제17대 국회의원,"47,935",46,부산,정당인,연세대학교,,,,
178,경기,김포시,새누리당,유정복,남,1957-06-16,국회의원,연세대학교 대학원 정치학과 박사과정 수료,(전)농림수산식품부 장관,"61,591",60,경기,국회의원,연세대학교,,,,
104,대전,서구을,민주통합당,박범계,남,1963-04-27,변호사,연세대학교 법학과 졸업,(전)노무현대통령 법무비서관,"46,908",54,대전,변호사,연세대학교,,,,
59,서울,강남구을,새누리당,김종훈,남,1952-05-05,정당인,연세대학교 상경대학 경영학과 졸업,(전)외교통상부 통상교섭본부장(장관급),"73,346",65,서울,정당인,연세대학교,,,,
241,비례,비례대표,민주통합당,장하나,여,1977-06-19,정당인,"연세대학교 인문학부(사회,철학복수전공)졸업",(전)민주당 제주도당 대변인,,40,비례,정당인,연세대학교,,,,
66,경북,구미시을,새누리당,김태환,남,1943-09-24,국회의원,연세대학교 정치외교학과 졸업,(현)제18대 국회의원,"38,090",74,경북,국회의원,연세대학교,,,,
72,경기,고양시일산서구,민주통합당,김현미,여,1962-11-29,정당인,연세대학교 정치외교학과 졸업,(전) 노무현대통령비서실 국내언론비서관,"63,432",55,경기,정당인,연세대학교,,,,
218,비례,비례대표,새누리당,이재영(비),남,1975-11-16,World Economic Forum 아시아팀 부국장,연세대학교 행정대학원 국제관계안보졸업(석사),(전)(주)반도건설 두바이 해외프로젝트 담당과장,,42,비례,기타,연세대학교,,,,
109,충남,공주시,민주통합당,박수현,남,1964-08-14,정당인,연세대학교 행정대학원 사회복지전공 석사과정 졸업,(전)충청남도(안희정도지사) 정책특별보좌관,"26,210",53,충남,정당인,연세대학교,,,,
100,경남,진주시갑,새누리당,박대출,남,1961-03-18,정당인,연세대학교 행정대학원 외교안보전공 졸업(행정학 석사),(전)서울신문 논설위원,"31,463",56,경남,정당인,연세대학교,,,,
264,경기,시흥시을,민주통합당,조정식,남,1963-12-25,국회의원,연세대학교 행정대학원 졸업,(현)18대 국회의원,"34,596",54,경기,국회의원,연세대학교,,,,
227,경북,김천시,새누리당,이철우,남,1955-08-15,국회의원,연세대학교 행정대학원 졸업(정치학석사),(전)경상북도부지사,"49,909",62,경북,국회의원,연세대학교,,,,
161,서울,서대문구갑,민주통합당,우상호,남,1962-12-12,정당인,연세대학교 행정대학원 졸업(행정학 석사),(현)민주통합당 전략홍보본부장,"40,481",55,서울,정당인,연세대학교,,,,
64,경기,고양시덕양구을,새누리당,김태원,남,1951-03-19,국회의원,연세대학교 행정대학원 행정학석사,(현)제18대 국회의원,"38,097",66,경기,국회의원,연세대학교,,,,
98,인천,남동구갑,민주통합당,박남춘,남,1958-07-02,정당인,영국 웨일즈대학교 교통대학원 3학기 교통경제학 석사 졸업(1993년 9월~1995년 2월),(전) 노무현대통령 인사수석,"56,283",59,인천,정당인,영국,졸업(1993년,9월~1995년,2월),
286,비례,비례대표,민주통합당,한정애,여,1965-01-08,안전보건공단 연구위원,영국노팅험대 산업공학박사(3년6월),(전)안전보건공단 노조위원장,,52,비례,연구원,영국노팅험대,,,,
243,비례,비례대표,민주통합당,전순옥,여,1953-05-05,(주)참신나는옷 대표이사,영국워릭대학교 사회학박사(1997.1.~2002.7.),(현)(사)참여성노동복지터 대표,,64,비례,기업인,영국워릭대학교,,,,
269,대구,수성구을,새누리당,주호영,남,1960-12-10,국회의원,영남대학교 대학원 법학과 졸업(법학 박사),전)특임장관,"50,953",57,대구,국회의원,영남대학교,,,,
263,대구,달서구병,새누리당,조원진,남,1959-01-07,국회의원,영남대학교 행정대학원 정책분석학과 졸업(행정학 석사),(현)제18대 국회의원,"49,842",58,대구,국회의원,영남대학교,,,,
78,부산,부산진구갑,새누리당,나성린,남,1953-03-27,국회의원,옥스퍼드대학교 경제학 박사('84.10 ~ '88.11),(현) 한양대학교 경제금융학부 교수,"37,836",64,부산,국회의원,옥스퍼드대학교,,,,
217,경기,평택시을,새누리당,이재영(지),남,1956-08-24,준종합건설(주) 회장,용인대학교 경영대학원 경영학과 재학,(전)한나라당 경기도의회의원,"40,036",61,경기,기업인,용인대학교,,,,
208,경기,용인시갑,새누리당,이우현,남,1957-01-03,정당인,용인대학교 경영대학원 경영학과 졸업(경영학 석사),(전) 용인시 의회 의장,"59,823",60,경기,정당인,용인대학교,,,,
226,울산,남구갑,새누리당,이채익,남,1955-05-27,정당인,울산대학교 대학원 행정학박사,"(전) 민선 1,2대 울산광역시 남구청장","40,687",62,울산,정당인,울산대학교,,,,
247,울산,중구,새누리당,정갑윤,남,1950-11-08,국회의원,울산대학교 산업대학원 산업관리공학 석사 졸업,(현)국회 예산결산특별위원회 위원장,"50,258",67,울산,국회의원,울산대학교,,,,
228,전북,익산시갑,민주통합당,이춘석,남,1963-03-07,국회의원,원광대학교 대학원 법학과 박사과정 수료,(현)18대 국회의원,"41,941",54,전북,국회의원,원광대학교,,,,
273,경북,경산시청도군,새누리당,최경환,남,1955-02-27,국회의원,위스콘신대학교 경제학 박사 졸업(1987.9.~1991.5.),(前)지식경제부 장관,"75,876",62,경북,국회의원,위스콘신대학교,,,,
6,서울,서초구을,새누리당,강석훈,남,1964-08-15,교수,위스콘신대학교 경제학 석·박사과정 졸업(경제학박사)(1987~1991),(현) 성신여대 경제학과 교수,"60,213",53,서울,교수,위스콘신대학교,,,,
9,대전,중구,새누리당,강창희,남,1946-08-03,정당인,육군사관학교 졸업,"(전)제11,12,14,15,16대 국회의원","48,934",71,대전,정당인,육군사관학교,,,,
127,서울,중랑구갑,민주통합당,서영교,여,1964-11-11,동국대학교 겸임교수,이화여자대학교 대학원 동아시아학 박사과정 수료,(전) 노무현대통령 청와대 춘추관장 겸 보도지원비서관,"33,891",53,서울,교수,이화여자대학교,,,,
284,비례,비례대표,민주통합당,한명숙,여,1944-03-24,정당인,이화여자대학교 대학원 여성학 석사,(전)제37대 국무총리,,73,비례,정당인,이화여자대학교,,,,
196,서울,은평구갑,민주통합당,이미경,여,1950-09-20,국회의원,이화여자대학교 대학원 정치외교학과 졸업(정치학 석사),(전)민주당 사무총장,"42,672",67,서울,국회의원,이화여자대학교,,,,
276,비례,비례대표,민주통합당,최민희,여,1960-12-03,혁신과 통합 사무총장,이화여자대학교 사학과졸업,(전)방송위 부위원장,,57,비례,기타,이화여자대학교,,,,
236,서울,도봉구갑,민주통합당,인재근,여,1953-11-11,인권운동가,이화여자대학교 사회학과 졸업,(전) 로버트 케네디 인권상 수상,"45,682",64,서울,운동가,이화여자대학교,,,,
32,경기,부천시소사구,민주통합당,김상희,여,1954-05-18,국회의원,이화여자대학교 약학대학 제약학과 졸업,(전)노무현 대통령 자문 지속가능발전위원회 위원장(장관급),"51,300",63,경기,국회의원,이화여자대학교,,,,
174,경기,고양시일산동구,민주통합당,유은혜,여,1962-10-02,정당인,이화여자대학교 정책과학대학원 정책과학과 졸업,(전)민주당 수석부대변인,"60,236",55,경기,정당인,이화여자대학교,,,,
256,부산,중구동구,새누리당,정의화,남,1948-12-18,국회의원,인제대 대학원 의학박사 (졸),(전)한나라당 비대위위원장,"31,484",69,부산,국회의원,인제대,,,,
134,경기,의왕시과천시,민주통합당,송호창,남,1967-02-14,변호사,인하대학교 경제학과 졸업,(전) 박원순 서울시장후보대변인,"57,120",50,경기,변호사,인하대학교,,,,
93,비례,비례대표,새누리당,민병주,여,1959-02-26,한국원자력연구원 연구위원,"일본 큐슈대대학원 핵물리학과졸업(이학박사), (1986.4~1991.3)",(전)대한여성과학기술인회 회장,,58,비례,연구원,큐슈대대학원,,,,
163,전남,광양시구례군,민주통합당,우윤근,남,1957-09-24,국회의원,전남대학교 대학원 법학과 졸업(법학박사),(전)민주당 원내수석부대표,"39,394",60,전남,국회의원,전남대학교,,,,
158,광주,서구을,통합진보당,오병윤,남,1957-06-26,정당인,전남대학교 사범대학 국어교육과 3년 제적,(전)민주노동당 사무총장,"37,344",60,광주,정당인,전남대학교,,,,
229,경기,군포시,민주통합당,이학영,남,1952-04-16,정당인,전남대학교 일반대학원 박사과정 수료(NGO협동과정),(전) 한국 YMCA 연맹 사무총장,"65,506",65,경기,정당인,전남대학교,,,,
280,서울,성동구갑,민주통합당,최재천,남,1963-11-19,변호사,전남대학교 일반대학원 법학과 법학박사 졸업,(전) 제17대 국회의원,"37,656",54,서울,변호사,전남대학교,,,,
2,광주,북구갑,민주통합당,강기정,남,1964-12-03,국회의원,전남대학교 행정대학원 졸업,(현)국회예결산특별위원회 간사,"37,718",53,광주,국회의원,전남대학교,,,,
39,전남,고흥군보성군,민주통합당,김승남,남,1966-10-06,정당인,전남대학교 행정대학원 행정학석사 졸업,전)87년 전남대학교 총학생회장,"32,336",51,전남,정당인,전남대학교,,,,
244,전북,익산시을,민주통합당,전정희,여,1960-10-24,전북대학교 겸임교수,전북대학교 대학원 정치학 박사,(현) 전북대학교 겸임교수,"25,797",57,전북,교수,전북대학교,,,,
271,비례,비례대표,민주통합당,진성준,남,1967-04-19,정당인,전북대학교 법학과졸업,(전)국회정책연구위원(2급상당),,50,비례,정당인,전북대학교,,,,
48,전북,전주시완산구갑,민주통합당,김윤덕,남,1966-05-23,정당인,전북대학교 상과대학 졸업,(현)노무현재단기획위원,"32,847",51,전북,정당인,전북대학교,,,,
55,비례,비례대표,새누리당,김정록,남,1951-06-22,(사)한국지체장애인협회 중앙회장,전주비전대학교 경영정보과졸업,(현)(주)씨피엘 대표이사,,66,비례,기업인,전주비전대학교,,,,
288,비례,비례대표,새누리당,현영희,여,1951-12-25,정당인,중앙대 대학원 유아교육학졸업(문학박사),(현)새누리당 상임전국위원,,66,비례,정당인,중앙대,,,,
12,강원,강릉시,새누리당,권성동,남,1960-04-29,국회의원,중앙대학교 대학원 석사과정(사법전공) 수료,(전) 대통령실 민정수석실 법무비서관,"57,433",57,강원,국회의원,중앙대학교,,,,
230,인천,서구강화군갑,새누리당,이학재,남,1964-08-19,국회의원,중앙대학교 대학원 졸업(경제학 박사),(전)민선 3·4대 인천서구청장,"64,202",53,인천,국회의원,중앙대학교,,,,
257,비례,비례대표,통합진보당,정진후,남,1957-11-06,정당인,중앙대학교 문예창작학과졸업,(전)수원제일중학교 교사,,60,비례,정당인,중앙대학교,,,,
83,경기,광주시,새누리당,노철래,남,1950-01-02,국회의원,중앙대학교 법과대학 법학과 졸업,(현)제18대 국회의원,"47,760",67,경기,국회의원,중앙대학교,,,,
68,경기,안성시,새누리당,김학용,남,1961-12-10,국회의원,중앙대학교 사회과학대학 경제학과 졸업,(전)경기도의회 부의장,"37,955",56,경기,국회의원,중앙대학교,,,,
49,서울,송파구병,새누리당,김을동,여,1945-09-05,국회의원,중앙대학교 정치외교학과 1년 중퇴(1963.3.1~1964.3.1),(현)제18대 국회의원,"59,664",72,서울,국회의원,중앙대학교,,,,
1,경남,창원시성산구,새누리당,강기윤,남,1960-06-04,일진금속공업(주) 대표이사,창원대학교 대학원 졸업(행정학 박사),(전)한나라당 18대 창원을 국회의원 출마,"52,502",57,경남,기업인,창원대학교,,,,
85,비례,비례대표,민주통합당,도종환,남,1955-09-27,시인,충남대학교 대학원졸업(문학박사),(전)한국작가회의 사무총장,,62,비례,기타,충남대학교,,,,
199,대전,유성구,민주통합당,이상민,남,1958-01-22,국회의원,충남대학교 법학과 졸업,(현)민주통합당 원내부대표,"65,900",59,대전,국회의원,충남대학교,,,,
90,비례,비례대표,자유선진당,문정림,여,1961-12-22,당 대변인,카톨릭대학교 대학원 졸업(의학박사),(전)카톨릭의대 재활의학과 교수,,56,비례,정당인,카톨릭대학교,,,,
295,비례,비례대표,민주통합당,홍종학,남,1959-05-12,가천대학교 교수,캘리포니아대 경제학 박사(4년9월),(전)경실련 재벌개혁위원장,,58,비례,교수,캘리포니아대,,,,
214,비례,비례대표,새누리당,이자스민,여,1977-01-06,정당인,필리핀 Ateneo de Davao 대학교 생물학과중퇴(1993.06~1996.03),(전)서울시 외국인생활지원과 주무관,,40,비례,정당인,필리핀 Ateneo de Davao,,,,
289,경기,의정부시을,새누리당,홍문종,남,1955-04-05,교육자,"하버드대학교 졸업(교육학 박사, 1989.9~1992.6)","(전)국회의원 (15, 16대)","41,726",62,경기,기타,하버드대학교,,,,
70,경남,거제시,무소속,김한표,남,1954-08-08,정치인,한국외국어대학교 대학원 행정학과 졸업(행정학박사),(전) 거제경찰서장,"32,647",63,경남,정당인,한국외국어대학교,,,,
52,비례,비례대표,통합진보당,김재연,여,1980-10-30,정당인,한국외국어대학교 러시아어학과졸업,(전)한국외국어대학교 총학생회장,,37,비례,정당인,한국외국어대학교,,,,
5,경북,영양군영덕군봉화군울진군,새누리당,강석호,남,1955-12-03,정치인(국회의원),한국외국어대학교 스페인어과 졸업,현)제18대 국회의원(농림수산식품위원회 간사),"43,060",62,경북,국회의원,한국외국어대학교,,,,
238,비례,비례대표,민주통합당,임수경,여,1968-11-06,사회운동가,한국외국어대학교 신문방송학 박사과정수료,(전)방송위 남북방송교류위원,,49,비례,운동가,한국외국어대학교,,,,
202,비례,비례대표,통합진보당,이석기,남,1962-02-02,(주)사회동향연구소 대표,한국외국어대학교 중국어통번역학과졸업,(현)(주)사회동향연구소 대표,,55,비례,기타,한국외국어대학교,,,,
206,경북,고령군성주군칠곡군,새누리당,이완영,남,1957-07-07,정당인,한국항공대학교대학원 항공운항관리학과 졸업(경영학박사),(전)대구지방고용노동청장,"42,569",60,경북,정당인,한국항공대학교대학원,,,,
234,부산,부산진구을,새누리당,이헌승,남,1963-05-11,정당인,한국해양대학교 무역학과 박사과정 수료,(전) 한나라당 박근혜 대통령경선후보 수행부단장,"44,321",54,부산,정당인,한국해양대학교,,,,
216,부산,영도구,새누리당,이재균,남,1954-09-20,동아대학교 석좌교수,한국해양대학교 해운경영학 박사,(전)국토해양부 제2차관,"27,597",63,부산,교수,한국해양대학교,,,,
105,대전,서구갑,민주통합당,박병석,남,1952-01-25,국회의원,한양대대학원 신문방송학 박사과정 수료,(전)민주당 정책위의장,"53,671",65,대전,국회의원,한양대대학원,,,,
101,충북,보은군옥천군영동군,새누리당,박덕흠,남,1953-10-18,대한전문건설협회 중앙회 회장,한양대학교 대학원 토목공학과 박사과정 졸업,(현)새누리당 중앙위 재정분과 부위원장,"30,196",64,충북,기업인,한양대학교,,,,
173,서울,성북구갑,민주통합당,유승희,여,1960-04-26,정당인,한양대학교 대학원 행정학과 졸업(행정학박사),(전)17대 국회의원,"54,057",57,서울,정당인,한양대학교,,,,
56,부산,남구갑,새누리당,김정훈,남,1957-11-03,국회의원,한양대학교 법과대학 법학과 졸업,(전) 한나라당 부산시당 위원장,"33,764",60,부산,국회의원,한양대학교,,,,
281,서울,광진구을,민주통합당,추미애,여,1958-10-23,국회의원,한양대학교 법학과 졸업,(전)고등법원 판사,"45,980",59,서울,국회의원,한양대학교,,,,
71,비례,비례대표,민주통합당,김현,여,1965-10-15,정당인,한양대학교 사학과졸업,(전)노무현대통령 춘추관장,,52,비례,정당인,한양대학교,,,,
179,인천,남동구을,민주통합당,윤관석,남,1960-08-17,정당인,한양대학교 신문학과 졸업,(전) 송영길 인천시장 초대 대변인,"33,701",57,인천,정당인,한양대학교,,,,
293,서울,성동구을,민주통합당,홍익표,남,1967-11-20,북한대학원대학교 겸임교수,한양대학교 정치외교학과 대학원 졸업 (정치학 박사),(현) 북한대학원대학교 겸임교수,"31,564",50,서울,교수,한양대학교,,,,
37,서울,강서구을,새누리당,김성태,남,1958-05-23,국회의원,한양대학교 행정대학원 사회복지학과 졸업(행정학석사),(현)새누리당 비정규직대책특별위원회 위원장,"61,967",59,서울,국회의원,한양대학교,,,,
124,경기,안산시단원구을,민주통합당,부좌현,남,1956-05-13,정당인,한양대학교 행정대학원 행정학과 졸업(행정학석사),(현)민주통합당 정책위원회 부의장,"29,176",61,경기,정당인,한양대학교,,,,
290,충남,홍성군예산군,새누리당,홍문표,남,1947-10-05,정당인,한양대학교 행정대학원(석사) 졸업,(전)17대 국회의원,"39,191",70,충남,정당인,한양대학교,,,,
27,경기,안산시단원구갑,새누리당,김명연,남,1964-02-28,정당인,한양대학교 행정ㆍ자치대학원 지방자치학과 졸업(지방자치학석사),(전)안산시의원,"26,767",53,경기,정당인,한양대학교,,,,
36,경남,창원시진해구,새누리당,김성찬,남,1954-05-07,KAIST 초빙교수,해군사관학교 졸업(30기),(전)해군참모총장(28대),"40,304",63,경남,교수,해군사관학교,,,,
146,서울,강동구을,민주통합당,심재권,남,1946-08-15,정당인,"호주 멜본 모나쉬대학 국제정치학 박사(Ph.D), 1988~1993",(전)제16대 국회의원,"51,451",71,서울,정당인,호주모나쉬대학,,,,
112,비례,비례대표,통합진보당,박원석,남,1970-02-22,정당인,홍콩대학교 법학석사(인권법)(2003.09~2004.05),(전)참여연대 협동사무처장,,47,비례,정당인,홍콩대학교,,,,
